Workbook

Sheet Sheet1
A1: 标题 | B1: sku | C1: url | D1: min_price | E1: enabled | F1: 原价
A2: XRK-300Mbps Router 4G LTE Mobile Hotspot with SIM Card Slot | B2: CPF101-E8 | C2: https://www.takealot.com/xrk-300mbps-router-4g-lte-mobile-hotspot-with-sim-card-slot/PLID100772788 | D2: 865 | E2: 0 | G2: 1=监控
A3: XRK-CPE 4G Router with SIM Card Slot WiFi 6 4 LAN Ports 300Mbps | B3: WR950-E+DC | C3: https://www.takealot.com/xrk-cpe-4g-router-with-sim-card-slot-wifi-6-4-lan-ports-300mbps/PLID100773431 | D3: 760 | E3: 0 | G3: 0=关闭跳过
A4: Portable WiFi 4G LTE SIM Card Router 300Mbps High Speed Portable Router | B4: M32 - E Blue | C4: https://www.takealot.com/portable-wifi-4g-lte-sim-card-router-300mbps-high-speed-portable/PLID100467205 | D4: 413 | E4: 0
A5: Teeth Gem Set European and American Hip Hop Style DIY Teeth Diamond Set | B5: teeth001 | C5: https://www.takealot.com/teeth-gem-set-european-and-american-hip-hop-style-diy-teeth-diam/PLID100491409 | D5: 227 | E5: 0
A6: Diamond Tooth Grill Set European and American Hip-Hop Style DIY | B6: teeth002 | C6: https://www.takealot.com/diamond-tooth-grill-set-european-and-american-hip-hop-style-diy/PLID100562278 | D6: 225 | E6: 0
A7: XRK-4G LTE Mobile Hotspot 300Mbps Wireless Router with SIM Card Slot | B7: CPF919-E | C7: https://www.takealot.com/xrk-4g-lte-mobile-hotspot-300mbps-wireless-router-with-sim-card/PLID100940190 | D7: 550 | E7: 0 | F7: 899
A8: XRK-4G Router Portable WiFi Wireless Outdoor Network 300Mbps 2100mAh | B8: M1-E+TX | C8: https://www.takealot.com/xrk-4g-router-portable-wifi-wireless-outdoor-network-300mbps-210/PLID100939238 | D8: 560 | E8: 0 | F8: 799
A9: XRK-5G Router Supports SIM Card WiFi 6 Dual Band 2.4G & 5G | B9: NR180-E | C9: https://www.takealot.com/xrk-5g-router-supports-sim-card-wifi-6-dual-band-2-4g-5g/PLID100926942 | D9: 2100 | E9: 0 | F9: 2399
A10: XRK-WiFi6 4G Router Portable WiFi Wireless Outdoor Network 300Mbps - Blue, Black | B10: MF967B-E-Blue | C10: https://www.takealot.com/xrk-wifi6-4g-router-portable-wifi-wireless-outdoor-network-300mb/PLID100926242?colour_variant=Blue%2C+Black | D10: 510 | E10: 0 | F10: 749
A11: XRK-WiFi6 4G Router Portable WiFi Wireless Outdoor Network 300Mbps - Orange, Black | B11: MF967B-E-Orange | C11: https://www.takealot.com/xrk-wifi6-4g-router-portable-wifi-wireless-outdoor-network-300mb/PLID100926242?colour_variant=Orange%2C+Black | D11: 510 | E11: 0 | F11: 749
A12: XRK-5G SIM Card 600Mbps WiFi6 Dual Band Router with WAN/LAN Ports | B12: NR200-E | C12: https://www.takealot.com/xrk-5g-sim-card-600mbps-wifi6-dual-band-router-with-wan-lan-port/PLID100831133 | D12: 2300 | E12: 0 | F12: 2399
A13: XRK Portable Home Wireless Electric Green Juicer 450ML 2 Cups | B13: SY-Juicer-38Knife-Green | C13: https://www.takealot.com/xrk-portable-home-wireless-electric-green-juicer-450ml-2-cups/PLID100826535 | D13: 430 | E13: 0 | F13: 599
A14: XRK Portable Home Wireless Electric White Juicer 450ML 2 Cups | B14: SY-Juicer-38Knife-White | C14: https://www.takealot.com/xrk-portable-home-wireless-electric-white-juicer-450ml-2-cups/PLID100770976 | D14: 430 | E14: 0 | F14: 599
A15: XRK Portable Home Wireless Electric Pink Juicer 450ML 2 Cups | B15: SY-Juicer-38Knife-Pink | C15: https://www.takealot.com/xrk-portable-home-wireless-electric-pink-juicer-450ml-2-cups/PLID100662728 | D15: 430 | E15: 0 | F15: 599
A16: XRK-WiFi6 5G Portable WiFi Router Dual-Band 600Mbps Wireless Router | B16: M3A-E | C16: https://www.takealot.com/xrk-wifi6-5g-portable-wifi-router-dual-band-600mbps-wireless-rou/PLID100789861 | D16: 2150 | E16: 0 | F16: 2399 | G16: 已停产
A17: XRK-WIFI6 Portable Router 300Mbps 4G Wireless SIM Card Portable Mobile WiFi | B17: MF967P-E+cp | C17: https://www.takealot.com/xrk-wifi6-portable-router-300mbps-4g-wireless-sim-card-portable/PLID100789855 | D17: 510 | E17: 0 | F17: 739
A18: XRK-5G Portable Pocket WiFi Color Screen Dual-Band Wireless Router 600Mbps | B18: M2A-E | C18: https://www.takealot.com/xrk-5g-portable-pocket-wifi-color-screen-dual-band-wireless-rout/PLID100773558 | D18: 2100 | E18: 0 | F18: 2399
A19: XRK-5G Router CPE Router Supports SIM Card and LAN Port WiFi 6 Dual Band | B19: M55-E | C19: https://www.takealot.com/xrk-5g-router-cpe-router-supports-sim-card-and-lan-port-wifi-6-d/PLID100748039 | D19: 2100 | E19: 0 | F19: 2399
A20: XRK-4G SIM Card Portable WiFi 6 Router with 45 RJ Network Ports | B20: Q52-E | C20: https://www.takealot.com/xrk-4g-sim-card-portable-wifi-6-router-with-45-rj-network-ports/PLID100748037 | D20: 710 | E20: 0 | F20: 959
A21: XRK-5G Router CPE Router Supports SIM Card WiFi 6 Dual Band 2.4G & 5G | B21: NR800-E | C21: https://www.takealot.com/xrk-5g-router-cpe-router-supports-sim-card-wifi-6-dual-band-2-4g/PLID100744776 | D21: 2600 | E21: 0 | F21: 2799
A22: XRK-4G LTE SIM Card Router CPE for Home and Office with 2 LAN Ports | B22: 210B-E | C22: https://www.takealot.com/xrk-4g-lte-sim-card-router-cpe-for-home-and-office-with-2-lan-po/PLID100744044 | D22: 790 | E22: 0 | F22: 999
A23: XRK - Tilt-Head Doll Resin Desktop Ornament, Irregular Decoration | B23: Tilted Head Doll001 | C23: https://www.takealot.com/xrk-tilt-head-doll-resin-desktop-ornament-irregular-decoration/PLID100744408 | D23: 475 | E23: 0 | F23: 499
A24: XRK-Three-color mode desk lamp for use at the bedside or in the office | B24: JCT057B | C24: https://www.takealot.com/xrk-three-color-mode-desk-lamp-for-use-at-the-bedside-or-in-the/PLID100689541 | D24: 900 | E24: 0 | F24: 999
A25: XRK-WiFi 6 Wireless Portable Router 4G 300Mbps Dual Band Shared Hotspot - Blue | B25: M10Pro-E-Blue | C25: https://www.takealot.com/xrk-wifi-6-wireless-portable-router-4g-300mbps-dual-band-shared/PLID100686073?colour_variant=Blue | D25: 490 | E25: 0 | F25: 659
A26: XRK-WiFi 6 Wireless Portable Router 4G 300Mbps Dual Band Shared Hotspot - White | B26: M10Pro-E-White | C26: https://www.takealot.com/xrk-wifi-6-wireless-portable-router-4g-300mbps-dual-band-shared/PLID100686073?colour_variant=White | D26: 490 | E26: 0 | F26: 659
A27: XRK-WIFI6 Wireless Portable Router 600Mbps 5G Network Supports 32 Users | B27: M8A-E | C27: https://www.takealot.com/xrk-wifi6-wireless-portable-router-600mbps-5g-network-supports-3/PLID100681209 | D27: 2100 | E27: 0 | F27: 2399
A28: Bathroom Faucet Brass Faucet Outdoor Faucet Garden Faucet Bathroom | B28: faucet001 | C28: https://www.takealot.com/bathroom-faucet-brass-faucet-outdoor-faucet-garden-faucet-bathro/PLID100625782 | D28: 410 | E28: 0 | F28: 499
... A33: 150cm Medium and Large Dog Leash, Soft Cotton Handle, Alloy Buckle - Pink | B33: TF051-PINK | C33: https://www.takealot.com/150cm-medium-and-large-dog-leash-soft-cotton-handle-alloy-buckle/PLID100537186 | D33: 450 | E33: 0 | F33: 529
A34: Camping Sleeping Pad, light Camping Mat , Built-in Foot Pump Inflatable | B34: cqcd001 | C34: https://www.takealot.com/camping-sleeping-pad-light-camping-mat-built-in-foot-pump-inflat/PLID100477361 | D34: 660 | E34: 0
A35: Curling Wand Straight Hair Comb Multifunctional Styling Comb Portable | B35: hair115 | C35: https://www.takealot.com/curling-wand-straight-hair-comb-multifunctional-styling-comb-por/PLID100477143 | D35: 480 | E35: 0 | F35: 619
A36: XRK-Curling Wand Straight Hair Comb Multifunctional Styling Comb Portable | B36: hairNEW115 | C36: https://www.takealot.com/xrk-curling-wand-straight-hair-comb-multifunctional-styling-comb/PLID100748659 | D36: 450 | E36: 0 | F36: 616
A37: 4G Portable WiFi Mobile Router 300Mbps High Speed Supports 10 Devices | B37: MF967 - 5 Orange | C37: https://www.takealot.com/4g-portable-wifi-mobile-router-300mbps-high-speed-supports-10-de/PLID100468554 | D37: 485 | E37: 0 | F37: 729
A38: Stronger Signal Portable Color Screen 600Mbps Wireless WiFi6 Router 5G | B38: M2D - E | C38: https://www.takealot.com/stronger-signal-portable-color-screen-600mbps-wireless-wifi6-rou/PLID100468552 | D38: 2200 | E38: 1
A39: 4G Wireless Portable Mobile WiFi Router 300Mbps High-Speed Hotspot - Blue | B39: M33 - E Blue | C39: https://www.takealot.com/4g-wireless-portable-mobile-wifi-router-300mbps-high-speed-hotsp/PLID100468485 | D39: 400 | E39: 0 | F39: 629
A40: Wireless High-Speed 4G WiFi Router Portable MiFi | B40: M28 - E White | C40: https://www.takealot.com/wireless-high-speed-4g-wifi-router-portable-mifi/PLID100467412 | D40: 400 | E40: 0
A41: Portable MIFI LTE Router Mobile WiFi Wireless Power Bank | B41: M27 - E | C41: https://www.takealot.com/portable-mifi-lte-router-mobile-wifi-wireless-power-bank/PLID100467007 | D41: 560 | E41: 0 | F41: 799
A42: Windshield Cover for Ice and Snow Universal Fit for Car SUV Truck | B42: S-c190-k107 | C42: https://www.takealot.com/windshield-cover-for-ice-and-snow-universal-fit-for-car-suv-truc/PLID100417221 | D42: 400 | E42: 0
A43: XRK-Windshield Cover for Ice and Snow Universal Fit for Car SUV Truck - small | B43: Windshield Cover-S | C43: https://www.takealot.com/xrk-windshield-cover-for-ice-and-snow-universal-fit-for-car-suv/PLID100681745?colour_variant=small | D43: 400 | E43: 0
A44: XRK-Windshield Cover for Ice and Snow Universal Fit for Car SUV Truck - big | B44: Windshield Cover-L | C44: https://www.takealot.com/xrk-windshield-cover-for-ice-and-snow-universal-fit-for-car-suv/PLID100681745?colour_variant=big | D44: 450 | E44: 0
A45: XRK-1800Mbps WiFi6 Router 5G Mobile Hotspot with SIM Card Slot Dual Band | B45: NR500 | C45: https://www.takealot.com/xrk-1800mbps-wifi6-router-5g-mobile-hotspot-with-sim-card-slot-d/PLID100926223 | D45: 2500 | E45: 0 | F45: 2699
A46: 300Mbps Multi-Mode Wireless Router 4G LTE Mobile Hotspot with SIM Card Slot | B46: CP106 - E | C46: https://www.takealot.com/300mbps-multi-mode-wireless-router-4g-lte-mobile-hotspot-with-si/PLID100475179 | D46: 530 | E46: 0 | F46: 599
A47: XRK 40-Pack Popcorn Boxes Sturdy and Durable Paper Popcorn Bucket | B47: popcorn bags01 | C47: https://www.takealot.com/xrk-40-pack-popcorn-boxes-sturdy-and-durable-paper-popcorn-bucke/PLID100790045 | D47: 529 | E47: 0 | F47: 586
A48: XRK Portable Personal Electric USB Juicer 600ML Mini Blender - Grey | B48: JuicerGEY | C48: https://www.takealot.com/xrk-portable-personal-electric-usb-juicer-600ml-mini-blender/PLID100614831?colour_variant=Grey | D48: 569 | E48: 0 | F48: 598
A49: XRK Electric Rotary Grill Brush for BBQ Stainless Steel Rotary Brush Head | B49: LZ-8057 | C49: https://www.takealot.com/xrk-electric-rotary-grill-brush-for-bbq-stainless-steel-rotary-b/PLID101159857 | D49: 713 | E49: 0 | F49: 939
A50: Adult Anti-Fog Diving Mask and Dry Snorkel Set | B50: M1010S - Blackyellow | C50: https://www.takealot.com/adult-anti-fog-diving-mask-and-dry-snorkel-set/PLID100474772 | D50: 480 | E50: 0 | F50: 630
A51: XRK-3 Small Round Brush Set for Blow Drying with Soft Nylon Bristles | B51: comb002 | C51: https://www.takealot.com/xrk-3-small-round-brush-set-for-blow-drying-with-soft-nylon-bris/PLID100751877 | D51: =SUMIF(Sheet2!A:A, B51, Sheet2!G:G) -> 338 | E51: 0 | F51: 380
A52: XRK Decorative Dali Watch Melting Clock - Shelf Desk Fashion Melted Clock - Black+White | B52: 9902299877732 | C52: https://www.takealot.com/xrk-decorative-dali-watch-melting-clock-shelf-desk-fashion-melte/PLID100959232?colour_variant=Black%2BWhite | D52: =SUMIF(Sheet2!A:A, B52, Sheet2!G:G) -> 470 | E52: 0 | F52: 599
A53: XRK Decorative Dali Watch Melting Clock - Shelf Desk Fashion Melted Clock - Gold | B53: 9902299877756 | C53: https://www.takealot.com/xrk-decorative-dali-watch-melting-clock-shelf-desk-fashion-melte/PLID100959232?colour_variant=Gold | D53: =SUMIF(Sheet2!A:A, B53, Sheet2!G:G) -> 470 | E53: 0 | F53: 599
A54: XRK Decorative Dali Watch Melting Clock - Shelf Desk Fashion Melted Clock - Sliver | B54: 9902299877749 | C54: https://www.takealot.com/xrk-decorative-dali-watch-melting-clock-shelf-desk-fashion-melte/PLID100959232?colour_variant=Sliver | D54: =SUMIF(Sheet2!A:A, B54, Sheet2!G:G) -> 470 | E54: 0 | F54: 599
A55: XRK-Dip Sea Whale Dipping Dish Made of Plastic Balsamic Soy Sauce Plate | B55: Dipping Dish001 | C55: https://www.takealot.com/xrk-dip-sea-whale-dipping-dish-made-of-plastic-balsamic-soy-sauc/PLID101933382 | D55: =SUMIF(Sheet2!A:A, B55, Sheet2!G:G) -> 334 | E55: 0 | F55: 399
A56: XRK - 3PC Versatile Storage Strap With Handle- Ideal Organizer For Hoses | B56: ShouNaDai001 | C56: https://www.takealot.com/xrk-3pc-versatile-storage-strap-with-handle-ideal-organizer-for/PLID101931067 | D56: =SUMIF(Sheet2!A:A, B56, Sheet2!G:G) -> 325 | E56: 0 | F56: 439

Sheet Sheet2
A1: SKU | B1: TSIN | C1: FOB价 | D1: 尾程配送费 | E1: VAT税率 | F1: 类目佣金 | G1: 前台价格 | H1: 头程总成本 | I1: 头程物流费rmb | J1: 南非关税rmb | K1: 进口vat税 | L1: 重量 | M1: 采购成本rmb | N1: 产品利润rmb | O1: 申报价值（美金）
A2: CPF101-E8 | B2: 102443856 | C2: =ROUND((H2+N2+M2)*2.54,2) -> 705.64 | D2: 80 | E2: 0.15 | F2: 0.1 | G2: =ROUND((C2+D2)/(1-F2*(1+E2)-5%),0) -> 941 | H2: =I2+J2+K2 -> 65.812 | I2: =L2*79+10 -> 62.14 | J2: =O2*7.2*0.3 -> 2.16 | K2: =(O2*1.1*7.2+J2)*0.15 -> 1.512 | L2: 0.66 | M2: 182 | N2: 30 | O2: 1
A3: WR950-E+DC | B3: 102445504 | C3: =ROUND((H3+N3+M3)*2.54,2) -> 609.12 | D3: 80 | E3: 0.15 | F3: 0.1 | G3: =ROUND((C3+D3)/(1-F3*(1+E3)-5%),0) -> 825 | H3: =I3+J3+K3 -> 65.812 | I3: =L3*79+10 -> 62.14 | J3: =O3*7.2*0.3 -> 2.16 | K3: =(O3*1.1*7.2+J3)*0.15 -> 1.512 | L3: 0.66 | M3: 144 | N3: 30 | O3: 1
A4: M32 - E Blue | B4: 102078544 | C4: =ROUND((H4+N4+M4)*2.54,2) -> 328.45 | D4: 80 | E4: 0.15 | F4: 0.1 | G4: =ROUND((C4+D4)/(1-F4*(1+E4)-5%),0) -> 489 | H4: =I4+J4+K4 -> 26.312 | I4: =L4*79+10 -> 22.64 | J4: =O4*7.2*0.3 -> 2.16 | K4: =(O4*1.1*7.2+J4)*0.15 -> 1.512 | L4: 0.16 | M4: 73 | N4: 30 | O4: 1
A5: teeth001 | B5: 102117796 | C5: =ROUND((H5+N5+M5)*2.54,2) -> 129.11 | D5: 80 | E5: 0.15 | F5: 0.1 | G5: =ROUND((C5+D5)/(1-F5*(1+E5)-5%),0) -> 250 | H5: =I5+J5+K5 -> 16.832 | I5: =L5*79+10 -> 13.16 | J5: =O5*7.2*0.3 -> 2.16 | K5: =(O5*1.1*7.2+J5)*0.15 -> 1.512 | L5: 0.04 | M5: 19 | N5: 15 | O5: 1
A6: teeth002 | B6: 102200523 | C6: =ROUND((H6+N6+M6)*2.54,2) -> 138.21 | D6: 80 | E6: 0.15 | F6: 0.1 | G6: =ROUND((C6+D6)/(1-F6*(1+E6)-5%),0) -> 261 | H6: =I6+J6+K6 -> 18.412 | I6: =L6*79+10 -> 14.74 | J6: =O6*7.2*0.3 -> 2.16 | K6: =(O6*1.1*7.2+J6)*0.15 -> 1.512 | L6: 0.06 | M6: 21 | N6: 15 | O6: 1
A7: CPF919-E | B7: 102646828 | C7: =ROUND((H7+N7+M7)*2.54,2) -> 442.9 | D7: 80 | E7: 0.15 | F7: 0.1 | G7: =ROUND((C7+D7)/(1-F7*(1+E7)-5%),0) -> 626 | H7: =I7+J7+K7 -> 37.372 | I7: =L7*79+10 -> 33.7 | J7: =O7*7.2*0.3 -> 2.16 | K7: =(O7*1.1*7.2+J7)*0.15 -> 1.512 | L7: 0.3 | M7: 107 | N7: 30 | O7: 1
A8: M1-E+TX | B8: 102645475 | C8: =ROUND((H8+N8+M8)*2.54,2) -> 459.47 | D8: 80 | E8: 0.15 | F8: 0.1 | G8: =ROUND((C8+D8)/(1-F8*(1+E8)-5%),0) -> 646 | H8: =I8+J8+K8 -> 27.892 | I8: =L8*79+10 -> 24.22 | J8: =O8*7.2*0.3 -> 2.16 | K8: =(O8*1.1*7.2+J8)*0.15 -> 1.512 | L8: 0.18 | M8: 123 | N8: 30 | O8: 1
A9: NR180-E | B9: 102628280 | C9: =ROUND((H9+N9+M9)*2.54,2) -> 1629.97 | D9: 80 | E9: 0.15 | F9: 0.1 | G9: =ROUND((C9+D9)/(1-F9*(1+E9)-5%),0) -> 2048 | H9: =I9+J9+K9 -> 88.722 | I9: =L9*79+10 -> 85.05 | J9: =O9*7.2*0.3 -> 2.16 | K9: =(O9*1.1*7.2+J9)*0.15 -> 1.512 | L9: 0.95 | M9: 523 | N9: 30 | O9: 1
A10: MF967B-E-Blue | B10: 102627230 | C10: =ROUND((H10+N10+M10)*2.54,2) -> 409.07 | D10: 80 | E10: 0.15 | F10: 0.1 | G10: =ROUND((C10+D10)/(1-F10*(1+E10)-5%),0) -> 586 | H10: =I10+J10+K10 -> 31.052 | I10: =L10*79+10 -> 27.38 | J10: =O10*7.2*0.3 -> 2.16 | K10: =(O10*1.1*7.2+J10)*0.15 -> 1.512 | L10: 0.22 | M10: 100 | N10: 30 | O10: 1
A11: MF967B-E-Orange | B11: 102627231 | C11: =ROUND((H11+N11+M11)*2.54,2) -> 409.07 | D11: 80 | E11: 0.15 | F11: 0.1 | G11: =ROUND((C11+D11)/(1-F11*(1+E11)-5%),0) -> 586 | H11: =I11+J11+K11 -> 31.052 | I11: =L11*79+10 -> 27.38 | J11: =O11*7.2*0.3 -> 2.16 | K11: =(O11*1.1*7.2+J11)*0.15 -> 1.512 | L11: 0.22 | M11: 100 | N11: 30 | O11: 1
A12: NR200-E | B12: 102521734 | C12: =ROUND((H12+N12+M12)*2.54,2) -> 251.39 | D12: 80 | E12: 0.15 | F12: 0.1 | G12: =ROUND((C12+D12)/(1-F12*(1+E12)-5%),0) -> 397 | H12: =I12+J12+K12 -> 68.972 | I12: =L12*79+10 -> 65.3 | J12: =O12*7.2*0.3 -> 2.16 | K12: =(O12*1.1*7.2+J12)*0.15 -> 1.512 | L12: 0.7 | N12: 30 | O12: 1
A13: SY-Juicer-38Knife-Green | B13: 102514447 | C13: =ROUND((H13+N13+M13)*2.54,2) -> 411.92 | D13: 80 | E13: 0.15 | F13: 0.1 | G13: =ROUND((C13+D13)/(1-F13*(1+E13)-5%),0) -> 589 | H13: =I13+J13+K13 -> 132.172 | I13: =L13*79+10 -> 128.5 | J13: =O13*7.2*0.3 -> 2.16 | K13: =(O13*1.1*7.2+J13)*0.15 -> 1.512 | L13: 1.5 | N13: 30 | O13: 1
A14: SY-Juicer-38Knife-White | B14: 102441514 | C14: =ROUND((H14+N14+M14)*2.54,2) -> 411.92 | D14: 80 | E14: 0.15 | F14: 0.1 | G14: =ROUND((C14+D14)/(1-F14*(1+E14)-5%),0) -> 589 | H14: =I14+J14+K14 -> 132.172 | I14: =L14*79+10 -> 128.5 | J14: =O14*7.2*0.3 -> 2.16 | K14: =(O14*1.1*7.2+J14)*0.15 -> 1.512 | L14: 1.5 | N14: 30 | O14: 1
A15: SY-Juicer-38Knife-Pink | B15: 102313681 | C15: =ROUND((H15+N15+M15)*2.54,2) -> 411.92 | D15: 80 | E15: 0.15 | F15: 0.1 | G15: =ROUND((C15+D15)/(1-F15*(1+E15)-5%),0) -> 589 | H15: =I15+J15+K15 -> 132.172 | I15: =L15*79+10 -> 128.5 | J15: =O15*7.2*0.3 -> 2.16 | K15: =(O15*1.1*7.2+J15)*0.15 -> 1.512 | L15: 1.5 | N15: 30 | O15: 1
A16: M3A-E | B16: 102466820 | C16: =ROUND((H16+N16+M16)*2.54,2) -> 151.06 | D16: 80 | E16: 0.15 | F16: 0.1 | G16: =ROUND((C16+D16)/(1-F16*(1+E16)-5%),0) -> 277 | H16: =I16+J16+K16 -> 29.472 | I16: =L16*79+10 -> 25.8 | J16: =O16*7.2*0.3 -> 2.16 | K16: =(O16*1.1*7.2+J16)*0.15 -> 1.512 | L16: 0.2 | N16: 30 | O16: 1
A17: MF967P-E+cp | B17: 102466814 | C17: =ROUND((H17+N17+M17)*2.54,2) -> 143.03 | D17: 80 | E17: 0.15 | F17: 0.1 | G17: =ROUND((C17+D17)/(1-F17*(1+E17)-5%),0) -> 267 | H17: =I17+J17+K17 -> 26.312 | I17: =L17*79+10 -> 22.64 | J17: =O17*7.2*0.3 -> 2.16 | K17: =(O17*1.1*7.2+J17)*0.15 -> 1.512 | L17: 0.16 | N17: 30 | O17: 1
A18: M2A-E | B18: 102445665 | C18: =ROUND((H18+N18+M18)*2.54,2) -> 181.16 | D18: 80 | E18: 0.15 | F18: 0.1 | G18: =ROUND((C18+D18)/(1-F18*(1+E18)-5%),0) -> 313 | H18: =I18+J18+K18 -> 41.322 | I18: =L18*79+10 -> 37.65 | J18: =O18*7.2*0.3 -> 2.16 | K18: =(O18*1.1*7.2+J18)*0.15 -> 1.512 | L18: 0.35 | N18: 30 | O18: 1
A19: M55-E | B19: 102407642 | C19: =ROUND((H19+N19+M19)*2.54,2) -> 243.36 | D19: 80 | E19: 0.15 | F19: 0.1 | G19: =ROUND((C19+D19)/(1-F19*(1+E19)-5%),0) -> 387 | H19: =I19+J19+K19 -> 65.812 | I19: =L19*79+10 -> 62.14 | J19: =O19*7.2*0.3 -> 2.16 | K19: =(O19*1.1*7.2+J19)*0.15 -> 1.512 | L19: 0.66 | N19: 30 | O19: 1
A20: Q52-E | B20: 102407640 | C20: =ROUND((H20+N20+M20)*2.54,2) -> 191.19 | D20: 80 | E20: 0.15 | F20: 0.1 | G20: =ROUND((C20+D20)/(1-F20*(1+E20)-5%),0) -> 325 | H20: =I20+J20+K20 -> 45.272 | I20: =L20*79+10 -> 41.6 | J20: =O20*7.2*0.3 -> 2.16 | K20: =(O20*1.1*7.2+J20)*0.15 -> 1.512 | L20: 0.4 | N20: 30 | O20: 1
A21: NR800-E | B21: 102403598 | C21: =ROUND((H21+N21+M21)*2.54,2) -> 110.93 | D21: 80 | E21: 0.15 | F21: 0.1 | G21: =ROUND((C21+D21)/(1-F21*(1+E21)-5%),0) -> 229 | H21: =I21+J21+K21 -> 13.672 | I21: =L21*79+10 -> 10 | J21: =O21*7.2*0.3 -> 2.16 | K21: =(O21*1.1*7.2+J21)*0.15 -> 1.512 | N21: 30 | O21: 1
A22: 210B-E | B22: 102402320 | C22: =ROUND((H22+N22+M22)*2.54,2) -> 579.81 | D22: 80 | E22: 0.15 | F22: 0.1 | G22: =ROUND((C22+D22)/(1-F22*(1+E22)-5%),0) -> 790 | H22: =I22+J22+K22 -> 45.272 | I22: =L22*79+10 -> 41.6 | J22: =O22*7.2*0.3 -> 2.16 | K22: =(O22*1.1*7.2+J22)*0.15 -> 1.512 | L22: 0.4 | M22: 153 | N22: 30 | O22: 1
A23: Tilted Head Doll001 | B23: 102402988 | C23: =ROUND((H23+N23+M23)*2.54,2) -> 110.93 | D23: 80 | E23: 0.15 | F23: 0.1 | G23: =ROUND((C23+D23)/(1-F23*(1+E23)-5%),0) -> 229 | H23: =I23+J23+K23 -> 13.672 | I23: =L23*79+10 -> 10 | J23: =O23*7.2*0.3 -> 2.16 | K23: =(O23*1.1*7.2+J23)*0.15 -> 1.512 | N23: 30 | O23: 1
A24: JCT057B | B24: 102348144 | C24: =ROUND((H24+N24+M24)*2.54,2) -> 110.93 | D24: 80 | E24: 0.15 | F24: 0.1 | G24: =ROUND((C24+D24)/(1-F24*(1+E24)-5%),0) -> 229 | H24: =I24+J24+K24 -> 13.672 | I24: =L24*79+10 -> 10 | J24: =O24*7.2*0.3 -> 2.16 | K24: =(O24*1.1*7.2+J24)*0.15 -> 1.512 | N24: 30 | O24: 1
A25: M10Pro-E-Blue | B25: 102341879 | C25: =ROUND((H25+N25+M25)*2.54,2) -> 151.06 | D25: 80 | E25: 0.15 | F25: 0.1 | G25: =ROUND((C25+D25)/(1-F25*(1+E25)-5%),0) -> 277 | H25: =I25+J25+K25 -> 29.472 | I25: =L25*79+10 -> 25.8 | J25: =O25*7.2*0.3 -> 2.16 | K25: =(O25*1.1*7.2+J25)*0.15 -> 1.512 | L25: 0.2 | N25: 30 | O25: 1
A26: M10Pro-E-White | B26: 102341881 | C26: =ROUND((H26+N26+M26)*2.54,2) -> 151.06 | D26: 80 | E26: 0.15 | F26: 0.1 | G26: =ROUND((C26+D26)/(1-F26*(1+E26)-5%),0) -> 277 | H26: =I26+J26+K26 -> 29.472 | I26: =L26*79+10 -> 25.8 | J26: =O26*7.2*0.3 -> 2.16 | K26: =(O26*1.1*7.2+J26)*0.15 -> 1.512 | L26: 0.2 | N26: 30 | O26: 1
A27: M8A-E | B27: 102333879 | C27: =ROUND((H27+N27+M27)*2.54,2) -> 181.16 | D27: 80 | E27: 0.15 | F27: 0.1 | G27: =ROUND((C27+D27)/(1-F27*(1+E27)-5%),0) -> 313 | H27: =I27+J27+K27 -> 41.322 | I27: =L27*79+10 -> 37.65 | J27: =O27*7.2*0.3 -> 2.16 | K27: =(O27*1.1*7.2+J27)*0.15 -> 1.512 | L27: 0.35 | N27: 30 | O27: 1
A28: faucet001 | B28: 102275586 | C28: =ROUND((H28+N28+M28)*2.54,2) -> 110.93 | D28: 80 | E28: 0.15 | F28: 0.1 | G28: =ROUND((C28+D28)/(1-F28*(1+E28)-5%),0) -> 229 | H28: =I28+J28+K28 -> 13.672 | I28: =L28*79+10 -> 10 | J28: =O28*7.2*0.3 -> 2.16 | K28: =(O28*1.1*7.2+J28)*0.15 -> 1.512 | N28: 30 | O28: 1
A29: M31 - E White | B29: 102260736 | C29: =ROUND((H29+N29+M29)*2.54,2) -> 143.03 | D29: 80 | E29: 0.15 | F29: 0.1 | G29: =ROUND((C29+D29)/(1-F29*(1+E29)-5%),0) -> 267 | H29: =I29+J29+K29 -> 26.312 | I29: =L29*79+10 -> 22.64 | J29: =O29*7.2*0.3 -> 2.16 | K29: =(O29*1.1*7.2+J29)*0.15 -> 1.512 | L29: 0.16 | N29: 30 | O29: 1
A30: Q30 - E White | B30: 102260659 | C30: =ROUND((H30+N30+M30)*2.54,2) -> 171.12 | D30: 80 | E30: 0.15 | F30: 0.1 | G30: =ROUND((C30+D30)/(1-F30*(1+E30)-5%),0) -> 301 | H30: =I30+J30+K30 -> 37.372 | I30: =L30*79+10 -> 33.7 | J30: =O30*7.2*0.3 -> 2.16 | K30: =(O30*1.1*7.2+J30)*0.15 -> 1.512 | L30: 0.3 | N30: 30 | O30: 1
A31: M34 - E White | B31: 102260604 | C31: =ROUND((H31+N31+M31)*2.54,2) -> 157.08 | D31: 80 | E31: 0.15 | F31: 0.1 | G31: =ROUND((C31+D31)/(1-F31*(1+E31)-5%),0) -> 284 | H31: =I31+J31+K31 -> 31.842 | I31: =L31*79+10 -> 28.17 | J31: =O31*7.2*0.3 -> 2.16 | K31: =(O31*1.1*7.2+J31)*0.15 -> 1.512 | L31: 0.23 | N31: 30 | O31: 1
A32: M33 - E White | B32: 102260155 | C32: =ROUND((H32+N32+M32)*2.54,2) -> 143.03 | D32: 80 | E32: 0.15 | F32: 0.1 | G32: =ROUND((C32+D32)/(1-F32*(1+E32)-5%),0) -> 267 | H32: =I32+J32+K32 -> 26.312 | I32: =L32*79+10 -> 22.64 | J32: =O32*7.2*0.3 -> 2.16 | K32: =(O32*1.1*7.2+J32)*0.15 -> 1.512 | L32: 0.16 | N32: 30 | O32: 1
A33: TF051-PINK | B33: 102170905 | C33: =ROUND((H33+N33+M33)*2.54,2) -> 110.93 | D33: 80 | E33: 0.15 | F33: 0.1 | G33: =ROUND((C33+D33)/(1-F33*(1+E33)-5%),0) -> 229 | H33: =I33+J33+K33 -> 13.672 | I33: =L33*79+10 -> 10 | J33: =O33*7.2*0.3 -> 2.16 | K33: =(O33*1.1*7.2+J33)*0.15 -> 1.512 | N33: 30 | O33: 1
A34: cqcd001 | B34: 102103370 | C34: =ROUND((H34+N34+M34)*2.54,2) -> 110.93 | D34: 80 | E34: 0.15 | F34: 0.1 | G34: =ROUND((C34+D34)/(1-F34*(1+E34)-5%),0) -> 229 | H34: =I34+J34+K34 -> 13.672 | I34: =L34*79+10 -> 10 | J34: =O34*7.2*0.3 -> 2.16 | K34: =(O34*1.1*7.2+J34)*0.15 -> 1.512 | N34: 30 | O34: 1
A35: hair115 | B35: 102103098 | C35: =ROUND((H35+N35+M35)*2.54,2) -> 191.19 | D35: 80 | E35: 0.15 | F35: 0.1 | G35: =ROUND((C35+D35)/(1-F35*(1+E35)-5%),0) -> 325 | H35: =I35+J35+K35 -> 45.272 | I35: =L35*79+10 -> 41.6 | J35: =O35*7.2*0.3 -> 2.16 | K35: =(O35*1.1*7.2+J35)*0.15 -> 1.512 | L35: 0.4 | N35: 30 | O35: 1
A36: hairNEW115 | B36: 102408847 | C36: =ROUND((H36+N36+M36)*2.54,2) -> 191.19 | D36: 80 | E36: 0.15 | F36: 0.1 | G36: =ROUND((C36+D36)/(1-F36*(1+E36)-5%),0) -> 325 | H36: =I36+J36+K36 -> 45.272 | I36: =L36*79+10 -> 41.6 | J36: =O36*7.2*0.3 -> 2.16 | K36: =(O36*1.1*7.2+J36)*0.15 -> 1.512 | L36: 0.4 | N36: 30 | O36: 1
A37: MF967 - 5 Orange | B37: 102081354 | C37: =ROUND((H37+N37+M37)*2.54,2) -> 143.03 | D37: 80 | E37: 0.15 | F37: 0.1 | G37: =ROUND((C37+D37)/(1-F37*(1+E37)-5%),0) -> 267 | H37: =I37+J37+K37 -> 26.312 | I37: =L37*79+10 -> 22.64 | J37: =O37*7.2*0.3 -> 2.16 | K37: =(O37*1.1*7.2+J37)*0.15 -> 1.512 | L37: 0.16 | N37: 30 | O37: 1
A38: M2D - E | B38: 102081352 | C38: =ROUND((H38+N38+M38)*2.54,2) -> 181.16 | D38: 80 | E38: 0.15 | F38: 0.1 | G38: =ROUND((C38+D38)/(1-F38*(1+E38)-5%),0) -> 313 | H38: =I38+J38+K38 -> 41.322 | I38: =L38*79+10 -> 37.65 | J38: =O38*7.2*0.3 -> 2.16 | K38: =(O38*1.1*7.2+J38)*0.15 -> 1.512 | L38: 0.35 | N38: 30 | O38: 1
A39: M33 - E Blue | B39: 102081276 | C39: =ROUND((H39+N39+M39)*2.54,2) -> 143.03 | D39: 80 | E39: 0.15 | F39: 0.1 | G39: =ROUND((C39+D39)/(1-F39*(1+E39)-5%),0) -> 267 | H39: =I39+J39+K39 -> 26.312 | I39: =L39*79+10 -> 22.64 | J39: =O39*7.2*0.3 -> 2.16 | K39: =(O39*1.1*7.2+J39)*0.15 -> 1.512 | L39: 0.16 | N39: 30 | O39: 1
A40: M28 - E White | B40: 102078927 | C40: =ROUND((H40+N40+M40)*2.54,2) -> 143.03 | D40: 80 | E40: 0.15 | F40: 0.1 | G40: =ROUND((C40+D40)/(1-F40*(1+E40)-5%),0) -> 267 | H40: =I40+J40+K40 -> 26.312 | I40: =L40*79+10 -> 22.64 | J40: =O40*7.2*0.3 -> 2.16 | K40: =(O40*1.1*7.2+J40)*0.15 -> 1.512 | L40: 0.16 | N40: 30 | O40: 1
A41: M27 - E | B41: 102078095 | C41: =ROUND((H41+N41+M41)*2.54,2) -> 191.19 | D41: 80 | E41: 0.15 | F41: 0.1 | G41: =ROUND((C41+D41)/(1-F41*(1+E41)-5%),0) -> 325 | H41: =I41+J41+K41 -> 45.272 | I41: =L41*79+10 -> 41.6 | J41: =O41*7.2*0.3 -> 2.16 | K41: =(O41*1.1*7.2+J41)*0.15 -> 1.512 | L41: 0.4 | N41: 30 | O41: 1
A42: S-c190-k107 | B42: 102028066 | C42: =ROUND((H42+N42+M42)*2.54,2) -> 251.39 | D42: 80 | E42: 0.15 | F42: 0.1 | G42: =ROUND((C42+D42)/(1-F42*(1+E42)-5%),0) -> 397 | H42: =I42+J42+K42 -> 68.972 | I42: =L42*79+10 -> 65.3 | J42: =O42*7.2*0.3 -> 2.16 | K42: =(O42*1.1*7.2+J42)*0.15 -> 1.512 | L42: 0.7 | N42: 30 | O42: 1
A43: Windshield Cover-S | B43: 102334569 | C43: =ROUND((H43+N43+M43)*2.54,2) -> 251.39 | D43: 80 | E43: 0.15 | F43: 0.1 | G43: =ROUND((C43+D43)/(1-F43*(1+E43)-5%),0) -> 397 | H43: =I43+J43+K43 -> 68.972 | I43: =L43*79+10 -> 65.3 | J43: =O43*7.2*0.3 -> 2.16 | K43: =(O43*1.1*7.2+J43)*0.15 -> 1.512 | L43: 0.7 | N43: 30 | O43: 1
A44: Windshield Cover-L | B44: 102334570 | C44: =ROUND((H44+N44+M44)*2.54,2) -> 291.52 | D44: 80 | E44: 0.15 | F44: 0.1 | G44: =ROUND((C44+D44)/(1-F44*(1+E44)-5%),0) -> 445 | H44: =I44+J44+K44 -> 84.772 | I44: =L44*79+10 -> 81.1 | J44: =O44*7.2*0.3 -> 2.16 | K44: =(O44*1.1*7.2+J44)*0.15 -> 1.512 | L44: 0.9 | N44: 30 | O44: 1
A45: NR500 | B45: 102627207 | C45: =ROUND((H45+N45+M45)*2.54,2) -> 271.45 | D45: 80 | E45: 0.15 | F45: 0.1 | G45: =ROUND((C45+D45)/(1-F45*(1+E45)-5%),0) -> 421 | H45: =I45+J45+K45 -> 76.872 | I45: =L45*79+10 -> 73.2 | J45: =O45*7.2*0.3 -> 2.16 | K45: =(O45*1.1*7.2+J45)*0.15 -> 1.512 | L45: 0.8 | N45: 30 | O45: 1
A46: CP106 - E | B46: 102099835 | C46: =ROUND((H46+N46+M46)*2.54,2) -> 171.12 | D46: 80 | E46: 0.15 | F46: 0.1 | G46: =ROUND((C46+D46)/(1-F46*(1+E46)-5%),0) -> 301 | H46: =I46+J46+K46 -> 37.372 | I46: =L46*79+10 -> 33.7 | J46: =O46*7.2*0.3 -> 2.16 | K46: =(O46*1.1*7.2+J46)*0.15 -> 1.512 | L46: 0.3 | N46: 30 | O46: 1
... A50: M1010S - Blackyellow | B50: 102099212 | C50: =ROUND((H50+N50+M50)*2.54,2) -> 231.32 | D50: 80 | E50: 0.15 | F50: 0.1 | G50: =ROUND((C50+D50)/(1-F50*(1+E50)-5%),0) -> 373 | H50: =I50+J50+K50 -> 61.072 | I50: =L50*79+10 -> 57.4 | J50: =O50*7.2*0.3 -> 2.16 | K50: =(O50*1.1*7.2+J50)*0.15 -> 1.512 | L50: 0.6 | N50: 30 | O50: 1
A51: comb002 | B51: 102413844 | C51: =ROUND((H51+N51+M51)*2.54,2) -> 202.11 | D51: 80 | E51: 0.15 | F51: 0.1 | G51: =ROUND((C51+D51)/(1-F51*(1+E51)-5%),0) -> 338 | H51: =I51+J51+K51 -> 21.572 | I51: =L51*79+10 -> 17.9 | J51: =O51*7.2*0.3 -> 2.16 | K51: =(O51*1.1*7.2+J51)*0.15 -> 1.512 | L51: 0.1 | M51: 28 | N51: 30 | O51: 1
A52: 9902299877732 | B52: 102671530 | C52: =ROUND((H52+N52+M52)*2.54,2) -> 312.35 | D52: 80 | E52: 0.15 | F52: 0.1 | G52: =ROUND((C52+D52)/(1-F52*(1+E52)-5%),0) -> 470 | H52: =I52+J52+K52 -> 68.972 | I52: =L52*79+10 -> 65.3 | J52: =O52*7.2*0.3 -> 2.16 | K52: =(O52*1.1*7.2+J52)*0.15 -> 1.512 | L52: 0.7 | M52: 24 | N52: 30 | O52: 1
A53: 9902299877756 | B53: 102671532 | C53: =ROUND((H53+N53+M53)*2.54,2) -> 312.35 | D53: 80 | E53: 0.15 | F53: 0.1 | G53: =ROUND((C53+D53)/(1-F53*(1+E53)-5%),0) -> 470 | H53: =I53+J53+K53 -> 68.972 | I53: =L53*79+10 -> 65.3 | J53: =O53*7.2*0.3 -> 2.16 | K53: =(O53*1.1*7.2+J53)*0.15 -> 1.512 | L53: 0.7 | M53: 24 | N53: 30 | O53: 1
A54: 9902299877749 | B54: 102671531 | C54: =ROUND((H54+N54+M54)*2.54,2) -> 312.35 | D54: 80 | E54: 0.15 | F54: 0.1 | G54: =ROUND((C54+D54)/(1-F54*(1+E54)-5%),0) -> 470 | H54: =I54+J54+K54 -> 68.972 | I54: =L54*79+10 -> 65.3 | J54: =O54*7.2*0.3 -> 2.16 | K54: =(O54*1.1*7.2+J54)*0.15 -> 1.512 | L54: 0.7 | M54: 24 | N54: 30 | O54: 1
A55: Dipping Dish001 | B55: 103794715 | C55: =ROUND((H55+N55+M55)*2.54,2) -> 198.51 | D55: 80 | E55: 0.15 | F55: 0.1 | G55: =ROUND((C55+D55)/(1-F55*(1+E55)-5%),0) -> 334 | H55: =I55+J55+K55 -> 23.152 | I55: =L55*79+10 -> 19.48 | J55: =O55*7.2*0.3 -> 2.16 | K55: =(O55*1.1*7.2+J55)*0.15 -> 1.512 | L55: 0.12 | M55: 25 | N55: 30 | O55: 1
A56: ShouNaDai001 | B56: 103791475 | C56: =ROUND((H56+N56+M56)*2.54,2) -> 191.44 | D56: 80 | E56: 0.15 | F56: 0.1 | G56: =ROUND((C56+D56)/(1-F56*(1+E56)-5%),0) -> 325 | H56: =I56+J56+K56 -> 37.372 | I56: =L56*79+10 -> 33.7 | J56: =O56*7.2*0.3 -> 2.16 | K56: =(O56*1.1*7.2+J56)*0.15 -> 1.512 | L56: 0.3 | M56: 8 | N56: 30 | O56: 1
A57: 9902339519950 | B57: 103714123 | C57: =ROUND((H57+N57+M57)*2.54,2) -> 110.93 | D57: 80 | E57: 0.15 | F57: 0.1 | G57: =ROUND((C57+D57)/(1-F57*(1+E57)-5%),0) -> 229 | H57: =I57+J57+K57 -> 13.672 | I57: =L57*79+10 -> 10 | J57: =O57*7.2*0.3 -> 2.16 | K57: =(O57*1.1*7.2+J57)*0.15 -> 1.512 | N57: 30 | O57: 1
A58: 9902339519967 | B58: 103714124 | C58: =ROUND((H58+N58+M58)*2.54,2) -> 110.93 | D58: 80 | E58: 0.15 | F58: 0.1 | G58: =ROUND((C58+D58)/(1-F58*(1+E58)-5%),0) -> 229 | H58: =I58+J58+K58 -> 13.672 | I58: =L58*79+10 -> 10 | J58: =O58*7.2*0.3 -> 2.16 | K58: =(O58*1.1*7.2+J58)*0.15 -> 1.512 | N58: 30 | O58: 1
A59: NR17-E | B59: 103674926 | C59: =ROUND((H59+N59+M59)*2.54,2) -> 110.93 | D59: 80 | E59: 0.15 | F59: 0.1 | G59: =ROUND((C59+D59)/(1-F59*(1+E59)-5%),0) -> 229 | H59: =I59+J59+K59 -> 13.672 | I59: =L59*79+10 -> 10 | J59: =O59*7.2*0.3 -> 2.16 | K59: =(O59*1.1*7.2+J59)*0.15 -> 1.512 | N59: 30 | O59: 1
A60: Lip Tint | B60: 103673125 | C60: =ROUND((H60+N60+M60)*2.54,2) -> 110.93 | D60: 80 | E60: 0.15 | F60: 0.1 | G60: =ROUND((C60+D60)/(1-F60*(1+E60)-5%),0) -> 229 | H60: =I60+J60+K60 -> 13.672 | I60: =L60*79+10 -> 10 | J60: =O60*7.2*0.3 -> 2.16 | K60: =(O60*1.1*7.2+J60)*0.15 -> 1.512 | N60: 30 | O60: 1
A61: EyelinerStamp | B61: 103672957 | C61: =ROUND((H61+N61+M61)*2.54,2) -> 110.93 | D61: 80 | E61: 0.15 | F61: 0.1 | G61: =ROUND((C61+D61)/(1-F61*(1+E61)-5%),0) -> 229 | H61: =I61+J61+K61 -> 13.672 | I61: =L61*79+10 -> 10 | J61: =O61*7.2*0.3 -> 2.16 | K61: =(O61*1.1*7.2+J61)*0.15 -> 1.512 | N61: 30 | O61: 1
A62: Nose Rings-Red | B62: 103529920 | C62: =ROUND((H62+N62+M62)*2.54,2) -> 110.93 | D62: 80 | E62: 0.15 | F62: 0.1 | G62: =ROUND((C62+D62)/(1-F62*(1+E62)-5%),0) -> 229 | H62: =I62+J62+K62 -> 13.672 | I62: =L62*79+10 -> 10 | J62: =O62*7.2*0.3 -> 2.16 | K62: =(O62*1.1*7.2+J62)*0.15 -> 1.512 | N62: 30 | O62: 1
A63: Nose Rings-Yellow | B63: 103529917 | C63: =ROUND((H63+N63+M63)*2.54,2) -> 110.93 | D63: 80 | E63: 0.15 | F63: 0.1 | G63: =ROUND((C63+D63)/(1-F63*(1+E63)-5%),0) -> 229 | H63: =I63+J63+K63 -> 13.672 | I63: =L63*79+10 -> 10 | J63: =O63*7.2*0.3 -> 2.16 | K63: =(O63*1.1*7.2+J63)*0.15 -> 1.512 | N63: 30 | O63: 1
A64: Nose Rings-Blue | B64: 103529918 | C64: =ROUND((H64+N64+M64)*2.54,2) -> 110.93 | D64: 80 | E64: 0.15 | F64: 0.1 | G64: =ROUND((C64+D64)/(1-F64*(1+E64)-5%),0) -> 229 | H64: =I64+J64+K64 -> 13.672 | I64: =L64*79+10 -> 10 | J64: =O64*7.2*0.3 -> 2.16 | K64: =(O64*1.1*7.2+J64)*0.15 -> 1.512 | N64: 30 | O64: 1
A65: Nose Rings-Green | B65: 103529919 | C65: =ROUND((H65+N65+M65)*2.54,2) -> 110.93 | D65: 80 | E65: 0.15 | F65: 0.1 | G65: =ROUND((C65+D65)/(1-F65*(1+E65)-5%),0) -> 229 | H65: =I65+J65+K65 -> 13.672 | I65: =L65*79+10 -> 10 | J65: =O65*7.2*0.3 -> 2.16 | K65: =(O65*1.1*7.2+J65)*0.15 -> 1.512 | N65: 30 | O65: 1
A66: Nose Rings-Pink | B66: 103529914 | C66: =ROUND((H66+N66+M66)*2.54,2) -> 110.93 | D66: 80 | E66: 0.15 | F66: 0.1 | G66: =ROUND((C66+D66)/(1-F66*(1+E66)-5%),0) -> 229 | H66: =I66+J66+K66 -> 13.672 | I66: =L66*79+10 -> 10 | J66: =O66*7.2*0.3 -> 2.16 | K66: =(O66*1.1*7.2+J66)*0.15 -> 1.512 | N66: 30 | O66: 1
A67: Nose Rings-Black | B67: 103529915 | C67: =ROUND((H67+N67+M67)*2.54,2) -> 110.93 | D67: 80 | E67: 0.15 | F67: 0.1 | G67: =ROUND((C67+D67)/(1-F67*(1+E67)-5%),0) -> 229 | H67: =I67+J67+K67 -> 13.672 | I67: =L67*79+10 -> 10 | J67: =O67*7.2*0.3 -> 2.16 | K67: =(O67*1.1*7.2+J67)*0.15 -> 1.512 | N67: 30 | O67: 1
A68: Nose Rings-Purple | B68: 103529916 | C68: =ROUND((H68+N68+M68)*2.54,2) -> 110.93 | D68: 80 | E68: 0.15 | F68: 0.1 | G68: =ROUND((C68+D68)/(1-F68*(1+E68)-5%),0) -> 229 | H68: =I68+J68+K68 -> 13.672 | I68: =L68*79+10 -> 10 | J68: =O68*7.2*0.3 -> 2.16 | K68: =(O68*1.1*7.2+J68)*0.15 -> 1.512 | N68: 30 | O68: 1
A69: Nose Rings-White | B69: 103529913 | C69: =ROUND((H69+N69+M69)*2.54,2) -> 110.93 | D69: 80 | E69: 0.15 | F69: 0.1 | G69: =ROUND((C69+D69)/(1-F69*(1+E69)-5%),0) -> 229 | H69: =I69+J69+K69 -> 13.672 | I69: =L69*79+10 -> 10 | J69: =O69*7.2*0.3 -> 2.16 | K69: =(O69*1.1*7.2+J69)*0.15 -> 1.512 | N69: 30 | O69: 1
A70: Spice Grinder*2 | B70: 103387668 | C70: =ROUND((H70+N70+M70)*2.54,2) -> 110.93 | D70: 80 | E70: 0.15 | F70: 0.1 | G70: =ROUND((C70+D70)/(1-F70*(1+E70)-5%),0) -> 229 | H70: =I70+J70+K70 -> 13.672 | I70: =L70*79+10 -> 10 | J70: =O70*7.2*0.3 -> 2.16 | K70: =(O70*1.1*7.2+J70)*0.15 -> 1.512 | N70: 30 | O70: 1
... A91: AEZ73453509-001 | B91: 102620994 | C91: =ROUND((H91+N91+M91)*2.54,2) -> 110.93 | D91: 80 | E91: 0.15 | F91: 0.1 | G91: =ROUND((C91+D91)/(1-F91*(1+E91)-5%),0) -> 229 | H91: =I91+J91+K91 -> 13.672 | I91: =L91*79+10 -> 10 | J91: =O91*7.2*0.3 -> 2.16 | K91: =(O91*1.1*7.2+J91)*0.15 -> 1.512 | N91: 30 | O91: 1
A92: 9902296273513 | B92: 102586102 | C92: =ROUND((H92+N92+M92)*2.54,2) -> 110.93 | D92: 80 | E92: 0.15 | F92: 0.1 | G92: =ROUND((C92+D92)/(1-F92*(1+E92)-5%),0) -> 229 | H92: =I92+J92+K92 -> 13.672 | I92: =L92*79+10 -> 10 | J92: =O92*7.2*0.3 -> 2.16 | K92: =(O92*1.1*7.2+J92)*0.15 -> 1.512 | N92: 30 | O92: 1
A93: 9902296273520 | B93: 102586103 | C93: =ROUND((H93+N93+M93)*2.54,2) -> 110.93 | D93: 80 | E93: 0.15 | F93: 0.1 | G93: =ROUND((C93+D93)/(1-F93*(1+E93)-5%),0) -> 229 | H93: =I93+J93+K93 -> 13.672 | I93: =L93*79+10 -> 10 | J93: =O93*7.2*0.3 -> 2.16 | K93: =(O93*1.1*7.2+J93)*0.15 -> 1.512 | N93: 30 | O93: 1
A94: 9902296273483 | B94: 102586099 | C94: =ROUND((H94+N94+M94)*2.54,2) -> 110.93 | D94: 80 | E94: 0.15 | F94: 0.1 | G94: =ROUND((C94+D94)/(1-F94*(1+E94)-5%),0) -> 229 | H94: =I94+J94+K94 -> 13.672 | I94: =L94*79+10 -> 10 | J94: =O94*7.2*0.3 -> 2.16 | K94: =(O94*1.1*7.2+J94)*0.15 -> 1.512 | N94: 30 | O94: 1
A95: 9902296273490 | B95: 102586100 | C95: =ROUND((H95+N95+M95)*2.54,2) -> 110.93 | D95: 80 | E95: 0.15 | F95: 0.1 | G95: =ROUND((C95+D95)/(1-F95*(1+E95)-5%),0) -> 229 | H95: =I95+J95+K95 -> 13.672 | I95: =L95*79+10 -> 10 | J95: =O95*7.2*0.3 -> 2.16 | K95: =(O95*1.1*7.2+J95)*0.15 -> 1.512 | N95: 30 | O95: 1
A96: 9902296273506 | B96: 102586101 | C96: =ROUND((H96+N96+M96)*2.54,2) -> 110.93 | D96: 80 | E96: 0.15 | F96: 0.1 | G96: =ROUND((C96+D96)/(1-F96*(1+E96)-5%),0) -> 229 | H96: =I96+J96+K96 -> 13.672 | I96: =L96*79+10 -> 10 | J96: =O96*7.2*0.3 -> 2.16 | K96: =(O96*1.1*7.2+J96)*0.15 -> 1.512 | N96: 30 | O96: 1
A97: watchBLK | B97: 102584444 | C97: =ROUND((H97+N97+M97)*2.54,2) -> 110.93 | D97: 80 | E97: 0.15 | F97: 0.1 | G97: =ROUND((C97+D97)/(1-F97*(1+E97)-5%),0) -> 229 | H97: =I97+J97+K97 -> 13.672 | I97: =L97*79+10 -> 10 | J97: =O97*7.2*0.3 -> 2.16 | K97: =(O97*1.1*7.2+J97)*0.15 -> 1.512 | N97: 30 | O97: 1
A98: 9902296214196 | B98: 102584201 | C98: =ROUND((H98+N98+M98)*2.54,2) -> 110.93 | D98: 80 | E98: 0.15 | F98: 0.1 | G98: =ROUND((C98+D98)/(1-F98*(1+E98)-5%),0) -> 229 | H98: =I98+J98+K98 -> 13.672 | I98: =L98*79+10 -> 10 | J98: =O98*7.2*0.3 -> 2.16 | K98: =(O98*1.1*7.2+J98)*0.15 -> 1.512 | N98: 30 | O98: 1
A99: 9902296214202 | B99: 102584202 | C99: =ROUND((H99+N99+M99)*2.54,2) -> 110.93 | D99: 80 | E99: 0.15 | F99: 0.1 | G99: =ROUND((C99+D99)/(1-F99*(1+E99)-5%),0) -> 229 | H99: =I99+J99+K99 -> 13.672 | I99: =L99*79+10 -> 10 | J99: =O99*7.2*0.3 -> 2.16 | K99: =(O99*1.1*7.2+J99)*0.15 -> 1.512 | N99: 30 | O99: 1
A100: 9902296214189 | B100: 102584200 | C100: =ROUND((H100+N100+M100)*2.54,2) -> 110.93 | D100: 80 | E100: 0.15 | F100: 0.1 | G100: =ROUND((C100+D100)/(1-F100*(1+E100)-5%),0) -> 229 | H100: =I100+J100+K100 -> 13.672 | I100: =L100*79+10 -> 10 | J100: =O100*7.2*0.3 -> 2.16 | K100: =(O100*1.1*7.2+J100)*0.15 -> 1.512 | N100: 30 | O100: 1
A101: 9902296214141 | B101: 102584197 | C101: =ROUND((H101+N101+M101)*2.54,2) -> 110.93 | D101: 80 | E101: 0.15 | F101: 0.1 | G101: =ROUND((C101+D101)/(1-F101*(1+E101)-5%),0) -> 229 | H101: =I101+J101+K101 -> 13.672 | I101: =L101*79+10 -> 10 | J101: =O101*7.2*0.3 -> 2.16 | K101: =(O101*1.1*7.2+J101)*0.15 -> 1.512 | N101: 30 | O101: 1
A102: Eyeliner Set | B102: 102584166 | C102: =ROUND((H102+N102+M102)*2.54,2) -> 110.93 | D102: 80 | E102: 0.15 | F102: 0.1 | G102: =ROUND((C102+D102)/(1-F102*(1+E102)-5%),0) -> 229 | H102: =I102+J102+K102 -> 13.672 | I102: =L102*79+10 -> 10 | J102: =O102*7.2*0.3 -> 2.16 | K102: =(O102*1.1*7.2+J102)*0.15 -> 1.512 | N102: 30 | O102: 1
A103: mascara | B103: 102584113 | C103: =ROUND((H103+N103+M103)*2.54,2) -> 110.93 | D103: 80 | E103: 0.15 | F103: 0.1 | G103: =ROUND((C103+D103)/(1-F103*(1+E103)-5%),0) -> 229 | H103: =I103+J103+K103 -> 13.672 | I103: =L103*79+10 -> 10 | J103: =O103*7.2*0.3 -> 2.16 | K103: =(O103*1.1*7.2+J103)*0.15 -> 1.512 | N103: 30 | O103: 1
A104: shayublue | B104: 102535420 | C104: =ROUND((H104+N104+M104)*2.54,2) -> 110.93 | D104: 80 | E104: 0.15 | F104: 0.1 | G104: =ROUND((C104+D104)/(1-F104*(1+E104)-5%),0) -> 229 | H104: =I104+J104+K104 -> 13.672 | I104: =L104*79+10 -> 10 | J104: =O104*7.2*0.3 -> 2.16 | K104: =(O104*1.1*7.2+J104)*0.15 -> 1.512 | N104: 30 | O104: 1
A105: 113BLU | B105: 102526866 | C105: =ROUND((H105+N105+M105)*2.54,2) -> 110.93 | D105: 80 | E105: 0.15 | F105: 0.1 | G105: =ROUND((C105+D105)/(1-F105*(1+E105)-5%),0) -> 229 | H105: =I105+J105+K105 -> 13.672 | I105: =L105*79+10 -> 10 | J105: =O105*7.2*0.3 -> 2.16 | K105: =(O105*1.1*7.2+J105)*0.15 -> 1.512 | N105: 30 | O105: 1
A106: 113PinkA | B106: 102526867 | C106: =ROUND((H106+N106+M106)*2.54,2) -> 110.93 | D106: 80 | E106: 0.15 | F106: 0.1 | G106: =ROUND((C106+D106)/(1-F106*(1+E106)-5%),0) -> 229 | H106: =I106+J106+K106 -> 13.672 | I106: =L106*79+10 -> 10 | J106: =O106*7.2*0.3 -> 2.16 | K106: =(O106*1.1*7.2+J106)*0.15 -> 1.512 | N106: 30 | O106: 1
A107: 113PinkB | B107: 102526868 | C107: =ROUND((H107+N107+M107)*2.54,2) -> 110.93 | D107: 80 | E107: 0.15 | F107: 0.1 | G107: =ROUND((C107+D107)/(1-F107*(1+E107)-5%),0) -> 229 | H107: =I107+J107+K107 -> 13.672 | I107: =L107*79+10 -> 10 | J107: =O107*7.2*0.3 -> 2.16 | K107: =(O107*1.1*7.2+J107)*0.15 -> 1.512 | N107: 30 | O107: 1
A108: A06BLK | B108: 101782478 | C108: =ROUND((H108+N108+M108)*2.54,2) -> 110.93 | D108: 80 | E108: 0.15 | F108: 0.1 | G108: =ROUND((C108+D108)/(1-F108*(1+E108)-5%),0) -> 229 | H108: =I108+J108+K108 -> 13.672 | I108: =L108*79+10 -> 10 | J108: =O108*7.2*0.3 -> 2.16 | K108: =(O108*1.1*7.2+J108)*0.15 -> 1.512 | N108: 30 | O108: 1
A109: A06WHI | B109: 101782479 | C109: =ROUND((H109+N109+M109)*2.54,2) -> 110.93 | D109: 80 | E109: 0.15 | F109: 0.1 | G109: =ROUND((C109+D109)/(1-F109*(1+E109)-5%),0) -> 229 | H109: =I109+J109+K109 -> 13.672 | I109: =L109*79+10 -> 10 | J109: =O109*7.2*0.3 -> 2.16 | K109: =(O109*1.1*7.2+J109)*0.15 -> 1.512 | N109: 30 | O109: 1
A110: A06BLU | B110: 101782480 | C110: =ROUND((H110+N110+M110)*2.54,2) -> 110.93 | D110: 80 | E110: 0.15 | F110: 0.1 | G110: =ROUND((C110+D110)/(1-F110*(1+E110)-5%),0) -> 229 | H110: =I110+J110+K110 -> 13.672 | I110: =L110*79+10 -> 10 | J110: =O110*7.2*0.3 -> 2.16 | K110: =(O110*1.1*7.2+J110)*0.15 -> 1.512 | N110: 30 | O110: 1
A111: A06BRO | B111: 101782482 | C111: =ROUND((H111+N111+M111)*2.54,2) -> 110.93 | D111: 80 | E111: 0.15 | F111: 0.1 | G111: =ROUND((C111+D111)/(1-F111*(1+E111)-5%),0) -> 229 | H111: =I111+J111+K111 -> 13.672 | I111: =L111*79+10 -> 10 | J111: =O111*7.2*0.3 -> 2.16 | K111: =(O111*1.1*7.2+J111)*0.15 -> 1.512 | N111: 30 | O111: 1
A112: A06PUR | B112: 101782483 | C112: =ROUND((H112+N112+M112)*2.54,2) -> 110.93 | D112: 80 | E112: 0.15 | F112: 0.1 | G112: =ROUND((C112+D112)/(1-F112*(1+E112)-5%),0) -> 229 | H112: =I112+J112+K112 -> 13.672 | I112: =L112*79+10 -> 10 | J112: =O112*7.2*0.3 -> 2.16 | K112: =(O112*1.1*7.2+J112)*0.15 -> 1.512 | N112: 30 | O112: 1
A113: BAGDABL | B113: 101894519 | C113: =ROUND((H113+N113+M113)*2.54,2) -> 110.93 | D113: 80 | E113: 0.15 | F113: 0.1 | G113: =ROUND((C113+D113)/(1-F113*(1+E113)-5%),0) -> 229 | H113: =I113+J113+K113 -> 13.672 | I113: =L113*79+10 -> 10 | J113: =O113*7.2*0.3 -> 2.16 | K113: =(O113*1.1*7.2+J113)*0.15 -> 1.512 | N113: 30 | O113: 1
... A130: AL1009325984 | B130: 102233688 | C130: =ROUND((H130+N130+M130)*2.54,2) -> 110.93 | D130: 80 | E130: 0.15 | F130: 0.1 | G130: =ROUND((C130+D130)/(1-F130*(1+E130)-5%),0) -> 229 | H130: =I130+J130+K130 -> 13.672 | I130: =L130*79+10 -> 10 | J130: =O130*7.2*0.3 -> 2.16 | K130: =(O130*1.1*7.2+J130)*0.15 -> 1.512 | N130: 30 | O130: 1
A131: JuicerWIT | B131: 102261350 | C131: =ROUND((H131+N131+M131)*2.54,2) -> 241.36 | D131: 80 | E131: 0.15 | F131: 0.1 | G131: =ROUND((C131+D131)/(1-F131*(1+E131)-5%),0) -> 385 | H131: =I131+J131+K131 -> 65.022 | I131: =L131*79+10 -> 61.35 | J131: =O131*7.2*0.3 -> 2.16 | K131: =(O131*1.1*7.2+J131)*0.15 -> 1.512 | L131: 0.65 | N131: 30 | O131: 1
A132: HairGrey | B132: 102263997 | C132: =ROUND((H132+N132+M132)*2.54,2) -> 110.93 | D132: 80 | E132: 0.15 | F132: 0.1 | G132: =ROUND((C132+D132)/(1-F132*(1+E132)-5%),0) -> 229 | H132: =I132+J132+K132 -> 13.672 | I132: =L132*79+10 -> 10 | J132: =O132*7.2*0.3 -> 2.16 | K132: =(O132*1.1*7.2+J132)*0.15 -> 1.512 | N132: 30 | O132: 1
A133: HairPink | B133: 102263998 | C133: =ROUND((H133+N133+M133)*2.54,2) -> 110.93 | D133: 80 | E133: 0.15 | F133: 0.1 | G133: =ROUND((C133+D133)/(1-F133*(1+E133)-5%),0) -> 229 | H133: =I133+J133+K133 -> 13.672 | I133: =L133*79+10 -> 10 | J133: =O133*7.2*0.3 -> 2.16 | K133: =(O133*1.1*7.2+J133)*0.15 -> 1.512 | N133: 30 | O133: 1
A134: Resin jewelry001 | B134: 102264712 | C134: =ROUND((H134+N134+M134)*2.54,2) -> 110.93 | D134: 80 | E134: 0.15 | F134: 0.1 | G134: =ROUND((C134+D134)/(1-F134*(1+E134)-5%),0) -> 229 | H134: =I134+J134+K134 -> 13.672 | I134: =L134*79+10 -> 10 | J134: =O134*7.2*0.3 -> 2.16 | K134: =(O134*1.1*7.2+J134)*0.15 -> 1.512 | N134: 30 | O134: 1
A135: M1010S - Yellow | B135: 102274656 | C135: =ROUND((H135+N135+M135)*2.54,2) -> 110.93 | D135: 80 | E135: 0.15 | F135: 0.1 | G135: =ROUND((C135+D135)/(1-F135*(1+E135)-5%),0) -> 229 | H135: =I135+J135+K135 -> 13.672 | I135: =L135*79+10 -> 10 | J135: =O135*7.2*0.3 -> 2.16 | K135: =(O135*1.1*7.2+J135)*0.15 -> 1.512 | N135: 30 | O135: 1
A136: M1010S - BlackOrange | B136: 102274657 | C136: =ROUND((H136+N136+M136)*2.54,2) -> 110.93 | D136: 80 | E136: 0.15 | F136: 0.1 | G136: =ROUND((C136+D136)/(1-F136*(1+E136)-5%),0) -> 229 | H136: =I136+J136+K136 -> 13.672 | I136: =L136*79+10 -> 10 | J136: =O136*7.2*0.3 -> 2.16 | K136: =(O136*1.1*7.2+J136)*0.15 -> 1.512 | N136: 30 | O136: 1
A137: M1010S - Black | B137: 102274658 | C137: =ROUND((H137+N137+M137)*2.54,2) -> 110.93 | D137: 80 | E137: 0.15 | F137: 0.1 | G137: =ROUND((C137+D137)/(1-F137*(1+E137)-5%),0) -> 229 | H137: =I137+J137+K137 -> 13.672 | I137: =L137*79+10 -> 10 | J137: =O137*7.2*0.3 -> 2.16 | K137: =(O137*1.1*7.2+J137)*0.15 -> 1.512 | N137: 30 | O137: 1
A138: HE-3000-EVA | B138: 102275640 | C138: =ROUND((H138+N138+M138)*2.54,2) -> 110.93 | D138: 80 | E138: 0.15 | F138: 0.1 | G138: =ROUND((C138+D138)/(1-F138*(1+E138)-5%),0) -> 229 | H138: =I138+J138+K138 -> 13.672 | I138: =L138*79+10 -> 10 | J138: =O138*7.2*0.3 -> 2.16 | K138: =(O138*1.1*7.2+J138)*0.15 -> 1.512 | N138: 30 | O138: 1
A139: Showerhead001 | B139: 102277325 | C139: =ROUND((H139+N139+M139)*2.54,2) -> 110.93 | D139: 80 | E139: 0.15 | F139: 0.1 | G139: =ROUND((C139+D139)/(1-F139*(1+E139)-5%),0) -> 229 | H139: =I139+J139+K139 -> 13.672 | I139: =L139*79+10 -> 10 | J139: =O139*7.2*0.3 -> 2.16 | K139: =(O139*1.1*7.2+J139)*0.15 -> 1.512 | N139: 30 | O139: 1
...
